{"cameraMode":{"drawMode":0,"name":"Shaded","section":"Shading Mode"},"sceneLighting":true,"audioPlay":false,"sceneViewState":{"showFog":true,"showMaterialUpdate":false,"showSkybox":true,"showFlares":true,"showImageEffects":true,"showParticleSystems":true},"in2DMode":false,"pivot":{"x":-9.349010467529297,"y":-3.9955906867980959,"z":-8.743159294128418},"rotation":{"x":-0.19178102910518647,"y":0.4384945034980774,"z":-0.09635870158672333,"w":-0.872730016708374},"size":22.619367599487306,"orthographic":false}