{"cameraMode":{"drawMode":0,"name":"Shaded","section":"Shading Mode"},"sceneLighting":false,"audioPlay":false,"sceneViewState":{"showFog":true,"showMaterialUpdate":false,"showSkybox":true,"showFlares":true,"showImageEffects":true,"showParticleSystems":true},"in2DMode":false,"pivot":{"x":-0.05829532444477081,"y":0.5116689801216126,"z":1.4795633554458619},"rotation":{"x":0.002464557532221079,"y":-0.9971371293067932,"z":0.03744475543498993,"w":0.06564629077911377},"size":1.0159730911254883,"orthographic":false}