{"cameraMode":{"drawMode":0,"name":"Shaded","section":"Shading Mode"},"sceneLighting":false,"audioPlay":false,"sceneViewState":{"showFog":true,"showMaterialUpdate":false,"showSkybox":true,"showFlares":true,"showImageEffects":true,"showParticleSystems":true},"in2DMode":false,"pivot":{"x":0.10546674579381943,"y":-0.23477470874786378,"z":-1.8053851127624512},"rotation":{"x":0.00011089149484178051,"y":-0.9959489107131958,"z":0.08991258591413498,"w":0.0012346433941274882},"size":4.871537685394287,"orthographic":false}