{"cameraMode":{"drawMode":0,"name":"Shaded","section":"Shading Mode"},"sceneLighting":false,"audioPlay":false,"sceneViewState":{"showFog":true,"showMaterialUpdate":false,"showSkybox":true,"showFlares":true,"showImageEffects":true,"showParticleSystems":true},"in2DMode":false,"pivot":{"x":-7.18511962890625,"y":1.0162010192871094,"z":7.1002726554870609},"rotation":{"x":0.09525278955698013,"y":-0.7379586100578308,"z":0.1065804734826088,"w":0.6595336198806763},"size":18.2752685546875,"orthographic":false}